{
  "run_id": "v1_20260217T140831Z_b0d2f871",
  "model": "ARIMA",
  "order": [
    5,
    1,
    0
  ],
  "mae": 0.8284603359705216,
  "rmse": 0.9801175473350333,
  "mape_pct": 0.007930849733059391
}