{
  "run_id": "v1_20260217T140831Z_b0d2f871",
  "model": "LSTM",
  "lookback": 60,
  "mae": 5.668636718749985,
  "rmse": 5.730821431357552,
  "mape_pct": 0.05426513303218068
}