metric,arima,lstm,winner
mae,0.8284603359705216,5.668636718749985,ARIMA
mape_pct,0.007930849733059391,0.05426513303218068,ARIMA
rmse,0.9801175473350333,5.730821431357552,ARIMA
