run_id,model_name,horizon,metric,value
v2_20260217T141158Z_c04a438c,ARIMA,10m,rmse,2.516286598366475
v2_20260217T141158Z_c04a438c,LSTM,10m,mae,3.256988771725183
