run_id,as_of,mean_last20,mean_prev20,std_last20,std_prev20,mean_shift,std_shift
v2_20260217T141158Z_c04a438c,2026-02-13,0.0008633235030118646,6.666753653720714e-05,0.005320958521659359,0.006129340959457186,0.0007966559664746575,-0.0008083824377978274
