{
  "run_id": "v2_20260217T141158Z_c04a438c",
  "as_of": "2026-02-13",
  "mean_last20": 0.0008633235030118646,
  "mean_prev20": 6.666753653720714e-05,
  "std_last20": 0.005320958521659359,
  "std_prev20": 0.006129340959457186,
  "mean_shift": 0.0007966559664746575,
  "std_shift": -0.0008083824377978274
}